Symbole,Nom,Type,Devise,Marche,Secteur,Pays
AAPL,Apple Inc.,Action US,USD,NASDAQ,Technology,
MSFT,Microsoft Corp.,Action US,USD,NASDAQ,Technology,United States
GOOGL,Alphabet Inc. Class A,Action US,USD,NASDAQ,Communication Services,
GOOG,Alphabet Inc. Class C,Action US,USD,NASDAQ,Communication Services,United States
AMZN,Amazon.com Inc.,Action US,USD,NASDAQ,Consumer Cyclical,United States
NVDA,NVIDIA Corp,Action US,USD,NASDAQ,Technology,United States
META,Meta Platforms Inc.,Action US,USD,NASDAQ,Communication Services,
TSLA,Tesla Inc.,Action US,USD,NASDAQ,Consumer Cyclical,
BRK.B,Berkshire Hathaway Inc. Class B,Action US,USD,NYSE,Financial Services,
V,Visa Inc.,Action US,USD,NYSE,Financial Services,
MA,Mastercard Incorporated,Action US,USD,NYSE,Financial Services,United States
JNJ,Johnson & Johnson,Action US,USD,NYSE,Healthcare,
WMT,Walmart Inc.,Action US,USD,NYSE,Consumer Defensive,
JPM,JPMorgan Chase & Co.,Action US,USD,NYSE,Financial Services,
PG,Procter & Gamble Co.,Action US,USD,NYSE,Consumer Defensive,
UNH,UnitedHealth Group Inc.,Action US,USD,NYSE,Healthcare,
XOM,Exxon Mobil Corp.,Action US,USD,NYSE,Energy,
HD,Home Depot Inc.,Action US,USD,NYSE,Consumer Cyclical,
CVX,Chevron Corp.,Action US,USD,NYSE,Energy,
BAC,Bank of America Corp.,Action US,USD,NYSE,Financial Services,
ABBV,AbbVie Inc.,Action US,USD,NYSE,Healthcare,
PFE,Pfizer Inc.,Action US,USD,NYSE,Healthcare,
KO,Coca-Cola Co.,Action US,USD,NYSE,Consumer Defensive,
COST,Costco Wholesale Corp.,Action US,USD,NASDAQ,Consumer Defensive,
AVGO,Broadcom Inc.,Action US,USD,NASDAQ,Technology,
PEP,PepsiCo Inc.,Action US,USD,NASDAQ,Consumer Defensive,
TMO,Thermo Fisher Scientific Inc.,Action US,USD,NYSE,Healthcare,
MRK,Merck & Co. Inc.,Action US,USD,NYSE,Healthcare,
CSCO,Cisco Systems Inc.,Action US,USD,NASDAQ,Technology,
ABT,Abbott Laboratories,Action US,USD,NYSE,Healthcare,
ACN,Accenture PLC,Action US,USD,NYSE,Technology,
NKE,Nike Inc.,Action US,USD,NYSE,Consumer Cyclical,
NFLX,Netflix Inc.,Action US,USD,NASDAQ,Communication Services,
ADBE,Adobe Inc.,Action US,USD,NASDAQ,Technology,
CRM,Salesforce Inc.,Action US,USD,NYSE,Technology,
DIS,Walt Disney Co.,Action US,USD,NYSE,Communication Services,
INTC,Intel Corp.,Action US,USD,NASDAQ,Technology,
AMD,Advanced Micro Devices Inc.,Action US,USD,NASDAQ,Technology,
QCOM,Qualcomm Inc.,Action US,USD,NASDAQ,Technology,
TXN,Texas Instruments Inc.,Action US,USD,NASDAQ,Technology,
ORCL,Oracle Corp.,Action US,USD,NYSE,Technology,
IBM,International Business Machines Corp.,Action US,USD,NYSE,Technology,
GE,General Electric Co.,Action US,USD,NYSE,Industrials,
SPGI,S&P Global Inc.,Action US,USD,NYSE,Financial Services,United States
NOW,ServiceNow Inc.,Action US,USD,NYSE,Technology,
INTU,Intuit Inc.,Action US,USD,NASDAQ,Technology,
ISRG,Intuitive Surgical Inc.,Action US,USD,NASDAQ,Healthcare,
BKNG,Booking Holdings Inc.,Action US,USD,NASDAQ,Consumer Cyclical,
SQ,Block Inc.,Action US,USD,NYSE,Technology,
PYPL,PayPal Holdings Inc.,Action US,USD,NASDAQ,Financial Services,
SHOP,Shopify Inc.,Action US,USD,NYSE,Technology,
UBER,Uber Technologies Inc.,Action US,USD,NYSE,Technology,
RDDT,Reddit Inc.,Action US,USD,NYSE,Communication Services,
SMR,NuScale Power Corp.,Action US,USD,NYSE,Utilities,
LLY,Eli Lilly & Co,Action US,USD,NYSE,Healthcare,
PLTR,Palantir Technologies Inc,Action US,USD,NYSE,Technology,
WFC,Wells Fargo & Co,Action US,USD,NYSE,Financial Services,
CAT,Caterpillar Inc,Action US,USD,NYSE,Industrials,
GS,Goldman Sachs Group Inc/The,Action US,USD,NYSE,Financial Services,
PM,Philip Morris International Inc,Action US,USD,NYSE,Consumer Staples,
RTX,RTX Corp,Action US,USD,NYSE,Industrials,
MCD,McDonald's Corp,Action US,USD,NYSE,Consumer Discretionary,
LRCX,Lam Research Corp,Action US,USD,NASDAQ,Technology,
MS,Morgan Stanley,Action US,USD,NYSE,Financial Services,
AMAT,Applied Materials Inc,Action US,USD,NASDAQ,Technology,
C,Citigroup Inc,Action US,USD,NYSE,Financial Services,
LIN,Linde PLC,Action US,USD,NYSE,Materials,
AXP,American Express Co,Action US,USD,NYSE,Financial Services,
APP,AppLovin Corp,Action US,USD,NASDAQ,Technology,
GEV,GE Vernova Inc,Action US,USD,NYSE,Industrials,
AMGN,Amgen Inc,Action US,USD,NASDAQ,Healthcare,
T,AT&T Inc,Action US,USD,NYSE,Communication Services,
VZ,Verizon Communications Inc,Action US,USD,NYSE,Communication Services,
TJX,TJX Cos Inc/The,Action US,USD,NYSE,Consumer Discretionary,
BA,Boeing Co/The,Action US,USD,NYSE,Industrials,
NEE,NextEra Energy Inc,Action US,USD,NYSE,Utilities,
SCHW,Charles Schwab Corp/The,Action US,USD,NYSE,Financial Services,
APH,Amphenol Corp,Action US,USD,NYSE,Technology,
KLAC,KLA Corp,Action US,USD,NASDAQ,Technology,
BLK,BlackRock Funding Inc/DE,Action US,USD,NYSE,Financial Services,
COF,Capital One Financial Corp,Action US,USD,NYSE,Financial Services,
GILD,Gilead Sciences Inc,Action US,USD,NASDAQ,Healthcare,
DHR,Danaher Corp,Action US,USD,NYSE,Healthcare,
BSX,Boston Scientific Corp,Action US,USD,NYSE,Healthcare,
UNP,Union Pacific Corp,Action US,USD,NYSE,Industrials,
ANET,Arista Networks Inc,Action US,USD,NYSE,Technology,
LOW,Lowe's Cos Inc,Action US,USD,NYSE,Consumer Discretionary,
PGR,Progressive Corp/The,Action US,USD,NYSE,Financial Services,
ADI,Analog Devices Inc,Action US,USD,NASDAQ,Technology,
WELL,Welltower Inc,Action US,USD,NYSE,Real Estate,
PANW,Palo Alto Networks Inc,Action US,USD,NASDAQ,Technology,
HON,Honeywell International Inc,Action US,USD,NASDAQ,Industrials,
ETN,Eaton Corp PLC,Action US,USD,NYSE,Industrials,
MDT,Medtronic PLC,Action US,USD,NYSE,Healthcare,
SYK,Stryker Corp,Action US,USD,NYSE,Healthcare,
PLD,Prologis Inc,Action US,USD,NYSE,Real Estate,
CRWD,Crowdstrike Holdings Inc,Action US,USD,NASDAQ,Technology,
DE,Deere & Co,Action US,USD,NYSE,Industrials,
COP,ConocoPhillips,Action US,USD,NYSE,Energy,
VRTX,Vertex Pharmaceuticals Inc,Action US,USD,NASDAQ,Healthcare,
CB,Chubb Ltd,Action US,USD,NYSE,Financial Services,
BX,Blackstone Inc,Action US,USD,NYSE,Financial Services,
PH,Parker-Hannifin Corp,Action US,USD,NYSE,Industrials,
CEG,Constellation Energy Corp,Action US,USD,NASDAQ,Utilities,
BMY,Bristol-Myers Squibb Co,Action US,USD,NYSE,Healthcare,
NEM,Newmont Corp,Action US,USD,NYSE,Materials,
CMCSA,Comcast Corp,Action US,USD,NASDAQ,Communication Services,
ADP,Automatic Data Processing Inc,Action US,USD,NASDAQ,Industrials,
MCK,McKesson Corp,Action US,USD,NYSE,Healthcare,
CVS,CVS Health Corp,Action US,USD,NYSE,Healthcare,
LMT,Lockheed Martin Corp,Action US,USD,NYSE,Industrials,
CME,CME Group Inc,Action US,USD,NASDAQ,Financial Services,
TMUS,T-Mobile US Inc,Action US,USD,NASDAQ,Communication Services,
MO,Altria Group Inc,Action US,USD,NYSE,Consumer Staples,
SO,Southern Co/The,Action US,USD,NYSE,Utilities,
SBUX,Starbucks Corp,Action US,USD,NASDAQ,Consumer Discretionary,
ICE,Intercontinental Exchange Inc,Action US,USD,NYSE,Financial Services,
DUK,Duke Energy Corp,Action US,USD,NYSE,Utilities,
MMC,Marsh & McLennan Cos Inc,Action US,USD,NYSE,Financial Services,
HOOD,Robinhood Markets Inc,Action US,USD,NASDAQ,Financial Services,
KKR,KKR & Co Inc,Action US,USD,NYSE,Financial Services,
SNPS,Synopsys Inc,Action US,USD,NASDAQ,Technology,
TT,Trane Technologies PLC,Action US,USD,NYSE,Industrials,
GD,General Dynamics Corp,Action US,USD,NYSE,Industrials,
CDNS,Cadence Design Systems Inc,Action US,USD,NASDAQ,Technology,
MMM,3M Co,Action US,USD,NYSE,Industrials,
DASH,DoorDash Inc,Action US,USD,NYSE,Consumer Discretionary,
CRH,CRH PLC,Action US,USD,NYSE,Materials,
USB,US Bancorp,Action US,USD,NYSE,Financial Services,
HWM,Howmet Aerospace Inc,Action US,USD,NYSE,Industrials,
AMT,American Tower Corp,Action US,USD,NYSE,Real Estate,
PNC,PNC Financial Services Group Inc/The,Action US,USD,NYSE,Financial Services,
WM,Waste Management Inc,Action US,USD,NYSE,Industrials,
BK,Bank of New York Mellon Corp/The,Action US,USD,NYSE,Financial Services,
MCO,Moody's Corp,Action US,USD,NYSE,Financial Services,
ELV,Elevance Health Inc,Action US,USD,NYSE,Healthcare,
REGN,Regeneron Pharmaceuticals Inc,Action US,USD,NASDAQ,Healthcare,
ORLY,O'Reilly Automotive Inc,Action US,USD,NASDAQ,Consumer Discretionary,
NOC,Northrop Grumman Corp,Action US,USD,NYSE,Industrials,
GM,General Motors Co,Action US,USD,NYSE,Consumer Discretionary,
AON,Aon PLC,Action US,USD,NYSE,Financial Services,
EQIX,Equinix Inc,Action US,USD,NASDAQ,Real Estate,
TDG,TransDigm Group Inc,Action US,USD,NYSE,Industrials,
SHW,Sherwin-Williams Co/The,Action US,USD,NYSE,Materials,
HCA,HCA Healthcare Inc,Action US,USD,NYSE,Healthcare,
EMR,Emerson Electric Co,Action US,USD,NYSE,Industrials,
CI,Cigna Group/The,Action US,USD,NYSE,Healthcare,
WMB,Williams Cos Inc/The,Action US,USD,NYSE,Energy,
UPS,United Parcel Service Inc,Action US,USD,NYSE,Industrials,
JCI,Johnson Controls International plc,Action US,USD,NYSE,Industrials,
FCX,Freeport-McMoRan Inc,Action US,USD,NYSE,Materials,
WBD,Warner Bros Discovery Inc,Action US,USD,NASDAQ,Communication Services,
RCL,Royal Caribbean Cruises Ltd,Action US,USD,NYSE,Consumer Discretionary,
CMI,Cummins Inc,Action US,USD,NYSE,Industrials,
MDLZ,Mondelez International Inc,Action US,USD,NASDAQ,Consumer Staples,
MAR,Marriott International Inc/MD,Action US,USD,NASDAQ,Consumer Discretionary,
GLW,Corning Inc,Action US,USD,NYSE,Technology,
CSX,CSX Corp,Action US,USD,NASDAQ,Industrials,
APO,Apollo Global Management Inc,Action US,USD,NYSE,Financial Services,
TEL,TE Connectivity PLC,Action US,USD,NYSE,Technology,
ECL,Ecolab Inc,Action US,USD,NYSE,Materials,
HLT,Hilton Worldwide Holdings Inc,Action US,USD,NYSE,Consumer Discretionary,
AJG,Arthur J Gallagher & Co,Action US,USD,NYSE,Financial Services,
COR,Cencora Inc,Action US,USD,NYSE,Healthcare,
ITW,Illinois Tool Works Inc,Action US,USD,NYSE,Industrials,
NSC,Norfolk Southern Corp,Action US,USD,NYSE,Industrials,
TRV,Travelers Cos Inc/The,Action US,USD,NYSE,Financial Services,
CTAS,Cintas Corp,Action US,USD,NASDAQ,Industrials,
MSI,Motorola Solutions Inc,Action US,USD,NYSE,Technology,
CL,Colgate-Palmolive Co,Action US,USD,NYSE,Consumer Staples,
ADSK,Autodesk Inc,Action US,USD,NASDAQ,Technology,
TFC,Truist Financial Corp,Action US,USD,NYSE,Financial Services,
PWR,Quanta Services Inc,Action US,USD,NYSE,Industrials,
FDX,FedEx Corp,Action US,USD,NYSE,Industrials,
AEP,American Electric Power Co Inc,Action US,USD,NASDAQ,Utilities,
SPG,Simon Property Group Inc,Action US,USD,NYSE,Real Estate,
STX,Seagate Technology Holdings PLC,Action US,USD,NASDAQ,Technology,
CVNA,Carvana Co,Action US,USD,NYSE,Consumer Discretionary,
WDC,Western Digital Corp,Action US,USD,NASDAQ,Technology,
ROST,Ross Stores Inc,Action US,USD,NASDAQ,Consumer Discretionary,
ABNB,Airbnb Inc,Action US,USD,NASDAQ,Consumer Discretionary,
SRE,Sempra,Action US,USD,NYSE,Utilities,
PCAR,PACCAR Inc,Action US,USD,NASDAQ,Industrials,
SLB,SLB Ltd,Action US,USD,NYSE,Energy,
EOG,EOG Resources Inc,Action US,USD,NYSE,Energy,
AZO,AutoZone Inc,Action US,USD,NYSE,Consumer Discretionary,
BDX,Becton Dickinson & Co,Action US,USD,NYSE,Healthcare,
ZTS,Zoetis Inc,Action US,USD,NYSE,Healthcare,
APD,Air Products and Chemicals Inc,Action US,USD,NYSE,Materials,
LHX,L3Harris Technologies Inc,Action US,USD,NYSE,Industrials,
MNST,Monster Beverage Corp,Action US,USD,NASDAQ,Consumer Staples,
NXPI,NXP Semiconductors NV,Action US,USD,NASDAQ,Technology,
ALL,Allstate Corp/The,Action US,USD,NYSE,Financial Services,
IDXX,IDEXX Laboratories Inc,Action US,USD,NASDAQ,Healthcare,
KMI,Kinder Morgan Inc,Action US,USD,NYSE,Energy,
AFL,Aflac Inc,Action US,USD,NYSE,Financial Services,
PSX,Phillips 66,Action US,USD,NYSE,Energy,
O,Realty Income Corp,Action US,USD,NYSE,Real Estate,
COIN,Coinbase Global Inc,Action US,USD,NASDAQ,Financial Services,
URI,United Rentals Inc,Action US,USD,NYSE,Industrials,
VST,Vistra Corp,Action US,USD,NYSE,Utilities,
F,Ford Motor Co,Action US,USD,NYSE,Consumer Discretionary,
FTNT,Fortinet Inc,Action US,USD,NASDAQ,Technology,
D,Dominion Energy Inc,Action US,USD,NYSE,Utilities,
DLR,Digital Realty Trust Inc,Action US,USD,NYSE,Real Estate,
VLO,Valero Energy Corp,Action US,USD,NYSE,Energy,
EW,Edwards Lifesciences Corp,Action US,USD,NYSE,Healthcare,
CMG,Chipotle Mexican Grill Inc,Action US,USD,NYSE,Consumer Discretionary,
MPC,Marathon Petroleum Corp,Action US,USD,NYSE,Energy,
CAH,Cardinal Health Inc,Action US,USD,NYSE,Healthcare,
ROP,Roper Technologies Inc,Action US,USD,NASDAQ,Technology,
AME,AMETEK Inc,Action US,USD,NYSE,Industrials,
CBRE,CBRE Group Inc,Action US,USD,NYSE,Real Estate,
WDAY,Workday Inc,Action US,USD,NASDAQ,Technology,
OKE,ONEOK Inc,Action US,USD,NYSE,Energy,
AIG,American International Group Inc,Action US,USD,NYSE,Financial Services,
FAST,Fastenal Co,Action US,USD,NASDAQ,Industrials,
EA,Electronic Arts Inc,Action US,USD,NASDAQ,Communication Services,
AMP,Ameriprise Financial Inc,Action US,USD,NYSE,Financial Services,
CTVA,Corteva Inc,Action US,USD,NYSE,Materials,
DAL,Delta Air Lines Inc,Action US,USD,NYSE,Industrials,
BKR,Baker Hughes Co,Action US,USD,NASDAQ,Energy,
AXON,Axon Enterprise Inc,Action US,USD,NASDAQ,Industrials,
TTWO,Take-Two Interactive Software Inc,Action US,USD,NASDAQ,Communication Services,
TGT,Target Corp,Action US,USD,NYSE,Consumer Staples,
DDOG,Datadog Inc,Action US,USD,NASDAQ,Technology,
GWW,WW Grainger Inc,Action US,USD,NYSE,Industrials,
EXC,Exelon Corp,Action US,USD,NASDAQ,Utilities,
NDAQ,Nasdaq Inc,Action US,USD,NASDAQ,Financial Services,
MET,MetLife Inc,Action US,USD,NYSE,Financial Services,
XEL,Xcel Energy Inc,Action US,USD,NASDAQ,Utilities,
ROK,Rockwell Automation Inc,Action US,USD,NYSE,Industrials,
MPWR,Monolithic Power Systems Inc,Action US,USD,NASDAQ,Technology,
MSCI,MSCI Inc,Action US,USD,NYSE,Financial Services,
RSG,Republic Services Inc,Action US,USD,NYSE,Industrials,
YUM,Yum! Brands Inc,Action US,USD,NYSE,Consumer Discretionary,
CARR,Carrier Global Corp,Action US,USD,NYSE,Industrials,
ETR,Entergy Corp,Action US,USD,NYSE,Utilities,
PSA,Public Storage,Action US,USD,NYSE,Real Estate,
PEG,Public Service Enterprise Group Inc,Action US,USD,NYSE,Utilities,
CTSH,Cognizant Technology Solutions Corp,Action US,USD,NASDAQ,Technology,
FICO,Fair Isaac Corp,Action US,USD,NYSE,Technology,
TRGP,Targa Resources Corp,Action US,USD,NYSE,Energy,
PRU,Prudential Financial Inc,Action US,USD,NYSE,Financial Services,
DHI,DR Horton Inc,Action US,USD,NYSE,Consumer Discretionary,
EBAY,eBay Inc,Action US,USD,NASDAQ,Consumer Discretionary,
CCI,Crown Castle Inc,Action US,USD,NYSE,Real Estate,
A,Agilent Technologies Inc,Action US,USD,NYSE,Healthcare,
HIG,Hartford Financial Services Group Inc/The,Action US,USD,NYSE,Financial Services,
IQV,IQVIA Holdings Inc,Action US,USD,NYSE,Healthcare,
KDP,Keurig Dr Pepper Inc,Action US,USD,NASDAQ,Consumer Staples,
DELL,Dell Technologies Inc,Action US,USD,NYSE,Technology,
VMC,Vulcan Materials Co,Action US,USD,NYSE,Materials,
MLM,Martin Marietta Materials Inc,Action US,USD,NYSE,Materials,
GEHC,GE HealthCare Technologies Inc,Action US,USD,NASDAQ,Healthcare,
NUE,Nucor Corp,Action US,USD,NYSE,Materials,
WAB,Westinghouse Air Brake Technologies Corp,Action US,USD,NYSE,Industrials,
VTR,Ventas Inc,Action US,USD,NYSE,Real Estate,
PAYX,Paychex Inc,Action US,USD,NASDAQ,Industrials,
UAL,United Airlines Holdings Inc,Action US,USD,NASDAQ,Industrials,
STT,State Street Corp,Action US,USD,NYSE,Financial Services,
ED,Consolidated Edison Inc,Action US,USD,NYSE,Utilities,
KR,Kroger Co/The,Action US,USD,NYSE,Consumer Staples,
PCG,PG&E Corp,Action US,USD,NYSE,Utilities,
SYY,Sysco Corp,Action US,USD,NYSE,Consumer Staples,
RMD,ResMed Inc,Action US,USD,NYSE,Healthcare,
KEYS,Keysight Technologies Inc,Action US,USD,NYSE,Technology,
CPRT,Copart Inc,Action US,USD,NASDAQ,Industrials,
ACGL,Arch Capital Group Ltd,Action US,USD,NASDAQ,Financial Services,
MCHP,Microchip Technology Inc,Action US,USD,NASDAQ,Technology,
FIS,Fidelity National Information Services Inc,Action US,USD,NYSE,Financial Services,
WEC,WEC Energy Group Inc,Action US,USD,NYSE,Utilities,
OTIS,Otis Worldwide Corp,Action US,USD,NYSE,Industrials,
KMB,Kimberly-Clark Corp,Action US,USD,NYSE,Consumer Staples,
EQT,EQT Corp,Action US,USD,NYSE,Energy,
ARES,Ares Management Corp,Action US,USD,NYSE,Financial Services,
GRMN,Garmin Ltd,Action US,USD,NYSE,Consumer Discretionary,
CCL,Carnival Corp,Action US,USD,NYSE,Consumer Discretionary,
XYL,Xylem Inc/NY,Action US,USD,NYSE,Industrials,
EXPE,Expedia Group Inc,Action US,USD,NASDAQ,Consumer Discretionary,
KVUE,Kenvue Inc,Action US,USD,NYSE,Consumer Staples,
FIX,Comfort Systems USA Inc,Action US,USD,NYSE,Industrials,
HPE,Hewlett Packard Enterprise Co,Action US,USD,NYSE,Technology,
WTW,Willis Towers Watson PLC,Action US,USD,NASDAQ,Financial Services,
VRSK,Verisk Analytics Inc,Action US,USD,NASDAQ,Industrials,
MTB,M&T Bank Corp,Action US,USD,NYSE,Financial Services,
FITB,Fifth Third Bancorp,Action US,USD,NASDAQ,Financial Services,
HUM,Humana Inc,Action US,USD,NYSE,Healthcare,
NRG,NRG Energy Inc,Action US,USD,NYSE,Utilities,
TER,Teradyne Inc,Action US,USD,NASDAQ,Technology,
SYF,Synchrony Financial,Action US,USD,NYSE,Financial Services,
OXY,Occidental Petroleum Corp,Action US,USD,NYSE,Energy,
DG,Dollar General Corp,Action US,USD,NYSE,Consumer Staples,
ODFL,Old Dominion Freight Line Inc,Action US,USD,NASDAQ,Industrials,
IBKR,Interactive Brokers Group Inc,Action US,USD,NASDAQ,Financial Services,
CSGP,CoStar Group Inc,Action US,USD,NASDAQ,Real Estate,
IR,Ingersoll Rand Inc,Action US,USD,NYSE,Industrials,
MTD,Mettler-Toledo International Inc,Action US,USD,NYSE,Healthcare,
RJF,Raymond James Financial Inc,Action US,USD,NYSE,Financial Services,
FSLR,First Solar Inc,Action US,USD,NASDAQ,Technology,
FANG,Diamondback Energy Inc,Action US,USD,NASDAQ,Energy,
EXR,Extra Space Storage Inc,Action US,USD,NYSE,Real Estate,
ADM,Archer-Daniels-Midland Co,Action US,USD,NYSE,Consumer Staples,
VICI,VICI Properties Inc,Action US,USD,NYSE,Real Estate,
EME,EMCOR Group Inc,Action US,USD,NYSE,Industrials,
HBAN,Huntington Bancshares Inc/OH,Action US,USD,NASDAQ,Financial Services,
ULTA,Ulta Beauty Inc,Action US,USD,NASDAQ,Consumer Discretionary,
AEE,Ameren Corp,Action US,USD,NYSE,Utilities,
HSY,Hershey Co/The,Action US,USD,NYSE,Consumer Staples,
ATO,Atmos Energy Corp,Action US,USD,NYSE,Utilities,
DTE,DTE Energy Co,Action US,USD,NYSE,Utilities,
DOV,Dover Corp,Action US,USD,NYSE,Industrials,
EFX,Equifax Inc,Action US,USD,NYSE,Industrials,
TSCO,Tractor Supply Co,Action US,USD,NASDAQ,Consumer Discretionary,
CBOE,Cboe Global Markets Inc,Action US,USD,NASDAQ,Financial Services,
TPR,Tapestry Inc,Action US,USD,NYSE,Consumer Discretionary,
BR,Broadridge Financial Solutions Inc,Action US,USD,NYSE,Industrials,
PPL,PPL Corp,Action US,USD,NYSE,Utilities,
DXCM,Dexcom Inc,Action US,USD,NASDAQ,Healthcare,
NTRS,Northern Trust Corp,Action US,USD,NASDAQ,Financial Services,
BIIB,Biogen Inc,Action US,USD,NASDAQ,Healthcare,
OMC,Omnicom Group Inc,Action US,USD,NYSE,Communication Services,
EL,Estee Lauder Cos Inc/The,Action US,USD,NYSE,Consumer Staples,
AVB,AvalonBay Communities Inc,Action US,USD,NYSE,Real Estate,
FISV,Fiserv Inc,Action US,USD,NYSE,Financial Services,
CINF,Cincinnati Financial Corp,Action US,USD,NASDAQ,Financial Services,
AWK,American Water Works Co Inc,Action US,USD,NYSE,Utilities,
ES,Eversource Energy,Action US,USD,NYSE,Utilities,
CFG,Citizens Financial Group Inc,Action US,USD,NYSE,Financial Services,
CNP,CenterPoint Energy Inc,Action US,USD,NYSE,Utilities,
STE,STERIS PLC,Action US,USD,NYSE,Healthcare,
GIS,General Mills Inc,Action US,USD,NYSE,Consumer Staples,
VLTO,Veralto Corp,Action US,USD,NYSE,Industrials,
IRM,Iron Mountain Inc,Action US,USD,NYSE,Real Estate,
JBL,Jabil Inc,Action US,USD,NYSE,Technology,
TDY,Teledyne Technologies Inc,Action US,USD,NYSE,Technology,
HAL,Halliburton Co,Action US,USD,NYSE,Energy,
RF,Regions Financial Corp,Action US,USD,NYSE,Financial Services,
HUBB,Hubbell Inc,Action US,USD,NYSE,Industrials,
BRO,Brown & Brown Inc,Action US,USD,NYSE,Financial Services,
DLTR,Dollar Tree Inc,Action US,USD,NASDAQ,Consumer Staples,
FE,FirstEnergy Corp,Action US,USD,NYSE,Utilities,
STLD,Steel Dynamics Inc,Action US,USD,NASDAQ,Materials,
EIX,Edison International,Action US,USD,NYSE,Utilities,
LDOS,Leidos Holdings Inc,Action US,USD,NYSE,Industrials,
PPG,PPG Industries Inc,Action US,USD,NYSE,Materials,
DVN,Devon Energy Corp,Action US,USD,NYSE,Energy,
PHM,PulteGroup Inc,Action US,USD,NYSE,Consumer Discretionary,
WAT,Waters Corp,Action US,USD,NYSE,Healthcare,
LYV,Live Nation Entertainment Inc,Action US,USD,NYSE,Communication Services,
LULU,Lululemon Athletica Inc,Action US,USD,NASDAQ,Consumer Discretionary,
TROW,T Rowe Price Group Inc,Action US,USD,NASDAQ,Financial Services,
LEN,Lennar Corp,Action US,USD,NYSE,Consumer Discretionary,
EQR,Equity Residential,Action US,USD,NYSE,Real Estate,
ON,ON Semiconductor Corp,Action US,USD,NASDAQ,Technology,
WSM,Williams-Sonoma Inc,Action US,USD,NYSE,Consumer Discretionary,
DRI,Darden Restaurants Inc,Action US,USD,NYSE,Consumer Discretionary,
LUV,Southwest Airlines Co,Action US,USD,NYSE,Industrials,
CMS,CMS Energy Corp,Action US,USD,NYSE,Utilities,
WRB,W R Berkley Corp,Action US,USD,NYSE,Financial Services,
CPAY,Corpay Inc,Action US,USD,NYSE,Financial Services,
PTC,PTC Inc,Action US,USD,NASDAQ,Technology,
HPQ,HP Inc,Action US,USD,NYSE,Technology,
LH,Labcorp Holdings Inc,Action US,USD,NYSE,Healthcare,
IP,International Paper Co,Action US,USD,NYSE,Materials,
NTAP,NetApp Inc,Action US,USD,NASDAQ,Technology,
KHC,Kraft Heinz Co/The,Action US,USD,NASDAQ,Consumer Staples,
SBAC,SBA Communications Corp,Action US,USD,NASDAQ,Real Estate,
NVR,NVR Inc,Action US,USD,NYSE,Consumer Discretionary,
VRSN,VeriSign Inc,Action US,USD,NASDAQ,Technology,
CHD,Church & Dwight Co Inc,Action US,USD,NYSE,Consumer Staples,
PODD,Insulet Corp,Action US,USD,NASDAQ,Healthcare,
EXPD,Expeditors International of Washington Inc,Action US,USD,NASDAQ,Industrials,
NI,NiSource Inc,Action US,USD,NYSE,Utilities,
WST,West Pharmaceutical Services Inc,Action US,USD,NYSE,Healthcare,
LVS,Las Vegas Sands Corp,Action US,USD,NYSE,Consumer Discretionary,
TYL,Tyler Technologies Inc,Action US,USD,NYSE,Technology,
STZ,Constellation Brands Inc,Action US,USD,NYSE,Consumer Staples,
DGX,Quest Diagnostics Inc,Action US,USD,NYSE,Healthcare,
AMCR,Amcor PLC,Action US,USD,NYSE,Materials,
CNC,Centene Corp,Action US,USD,NYSE,Healthcare,
KEY,KeyCorp,Action US,USD,NYSE,Financial Services,
CHRW,CH Robinson Worldwide Inc,Action US,USD,NASDAQ,Industrials,
TRMB,Trimble Inc,Action US,USD,NASDAQ,Technology,
PKG,Packaging Corp of America,Action US,USD,NYSE,Materials,
CHTR,Charter Communications Inc,Action US,USD,NASDAQ,Communication Services,
IT,Gartner Inc,Action US,USD,NYSE,Technology,
SNA,Snap-on Inc,Action US,USD,NYSE,Industrials,
L,Loews Corp,Action US,USD,NYSE,Financial Services,
ZBH,Zimmer Biomet Holdings Inc,Action US,USD,NYSE,Healthcare,
CDW,CDW Corp/DE,Action US,USD,NASDAQ,Technology,
PFG,Principal Financial Group Inc,Action US,USD,NASDAQ,Financial Services,
ROL,Rollins Inc,Action US,USD,NYSE,Industrials,
FTV,Fortive Corp,Action US,USD,NYSE,Industrials,
IFF,International Flavors & Fragrances Inc,Action US,USD,NYSE,Materials,
MKC,McCormick & Co Inc/MD,Action US,USD,NYSE,Consumer Staples,
GPC,Genuine Parts Co,Action US,USD,NYSE,Consumer Discretionary,
WY,Weyerhaeuser Co,Action US,USD,NYSE,Real Estate,
PNR,Pentair PLC,Action US,USD,NYSE,Industrials,
ESS,Essex Property Trust Inc,Action US,USD,NYSE,Real Estate,
DD,DuPont de Nemours Inc,Action US,USD,NYSE,Materials,
GDDY,GoDaddy Inc,Action US,USD,NYSE,Technology,
LNT,Alliant Energy Corp,Action US,USD,NASDAQ,Utilities,
TTD,Trade Desk Inc/The,Action US,USD,NASDAQ,Communication Services,
EVRG,Evergy Inc,Action US,USD,NYSE,Utilities,
ALB,Albemarle Corp,Action US,USD,NYSE,Materials,
TPL,Texas Pacific Land Corp,Action US,USD,NYSE,Energy,
DOW,Dow Inc,Action US,USD,NYSE,Materials,
TSN,Tyson Foods Inc,Action US,USD,NYSE,Consumer Staples,
HOLX,Hologic Inc,Action US,USD,NASDAQ,Healthcare,
APTV,Aptiv Holdings Ltd,Action US,USD,NYSE,Consumer Discretionary,
INCY,Incyte Corp,Action US,USD,NASDAQ,Healthcare,
COO,Cooper Cos Inc/The,Action US,USD,NYSE,Healthcare,
MAA,Mid-America Apartment Communities Inc,Action US,USD,NYSE,Real Estate,
J,Jacobs Solutions Inc,Action US,USD,NYSE,Industrials,
INVH,Invitation Homes Inc,Action US,USD,NYSE,Real Estate,
LII,Lennox International Inc,Action US,USD,NYSE,Industrials,
TXT,Textron Inc,Action US,USD,NYSE,Industrials,
GEN,Gen Digital Inc,Action US,USD,NASDAQ,Technology,
FOXA,Fox Corp,Action US,USD,NASDAQ,Communication Services,
DECK,Deckers Outdoor Corp,Action US,USD,NYSE,Consumer Discretionary,
FFIV,F5 Inc,Action US,USD,NASDAQ,Technology,
SMCI,Super Micro Computer Inc,Action US,USD,NASDAQ,Technology,
JBHT,JB Hunt Transport Services Inc,Action US,USD,NASDAQ,Industrials,
VTRS,Viatris Inc,Action US,USD,NASDAQ,Healthcare,
EG,Everest Group Ltd,Action US,USD,NYSE,Financial Services,
BALL,Ball Corp,Action US,USD,NYSE,Materials,
GPN,Global Payments Inc,Action US,USD,NYSE,Financial Services,
AVY,Avery Dennison Corp,Action US,USD,NYSE,Materials,
TKO,TKO Group Holdings Inc,Action US,USD,NYSE,Communication Services,
KIM,Kimco Realty Corp,Action US,USD,NYSE,Real Estate,
RL,Ralph Lauren Corp,Action US,USD,NYSE,Consumer Discretionary,
ALLE,Allegion plc,Action US,USD,NYSE,Industrials,
HII,Huntington Ingalls Industries Inc,Action US,USD,NYSE,Industrials,
IEX,IDEX Corp,Action US,USD,NYSE,Industrials,
JKHY,Jack Henry & Associates Inc,Action US,USD,NASDAQ,Financial Services,
MAS,Masco Corp,Action US,USD,NYSE,Industrials,
BBY,Best Buy Co Inc,Action US,USD,NYSE,Consumer Discretionary,
DPZ,Domino's Pizza Inc,Action US,USD,NYSE,Consumer Discretionary,
NDSN,Nordson Corp,Action US,USD,NASDAQ,Industrials,
AKAM,Akamai Technologies Inc,Action US,USD,NASDAQ,Technology,
ZBRA,Zebra Technologies Corp,Action US,USD,NASDAQ,Technology,
CLX,Clorox Co/The,Action US,USD,NYSE,Consumer Staples,
CF,CF Industries Holdings Inc,Action US,USD,NYSE,Materials,
AIZ,Assurant Inc,Action US,USD,NYSE,Financial Services,
BG,Bunge Global SA,Action US,USD,NYSE,Consumer Staples,
UHS,Universal Health Services Inc,Action US,USD,NYSE,Healthcare,
CPT,Camden Property Trust,Action US,USD,NYSE,Real Estate,
IVZ,Invesco Ltd,Action US,USD,NYSE,Financial Services,
SOLV,Solventum Corp,Action US,USD,NYSE,Healthcare,
SWK,Stanley Black & Decker Inc,Action US,USD,NYSE,Industrials,
BLDR,Builders FirstSource Inc,Action US,USD,NYSE,Industrials,
REG,Regency Centers Corp,Action US,USD,NASDAQ,Real Estate,
HST,Host Hotels & Resorts Inc,Action US,USD,NASDAQ,Real Estate,
EPAM,EPAM Systems Inc,Action US,USD,NYSE,Technology,
DOC,Healthpeak Properties Inc,Action US,USD,NYSE,Real Estate,
LYB,LyondellBasell Industries NV,Action US,USD,NYSE,Materials,
GL,Globe Life Inc,Action US,USD,NYSE,Financial Services,
DAY,Dayforce Inc,Action US,USD,NYSE,Industrials,
UDR,UDR Inc,Action US,USD,NYSE,Real Estate,
RVTY,Revvity Inc,Action US,USD,NYSE,Healthcare,
HAS,Hasbro Inc,Action US,USD,NASDAQ,Consumer Discretionary,
FDS,FactSet Research Systems Inc,Action US,USD,NYSE,Financial Services,
PNW,Pinnacle West Capital Corp,Action US,USD,NYSE,Utilities,
SJM,J M Smucker Co/The,Action US,USD,NYSE,Consumer Staples,
ALGN,Align Technology Inc,Action US,USD,NASDAQ,Healthcare,
MRNA,Moderna Inc,Action US,USD,NASDAQ,Healthcare,
AES,AES Corp/The,Action US,USD,NYSE,Utilities,
NCLH,Norwegian Cruise Line Holdings Ltd,Action US,USD,NYSE,Consumer Discretionary,
WYNN,Wynn Resorts Ltd,Action US,USD,NASDAQ,Consumer Discretionary,
BXP,BXP Inc,Action US,USD,NYSE,Real Estate,
NWSA,News Corp,Action US,USD,NASDAQ,Communication Services,
BAX,Baxter International Inc,Action US,USD,NYSE,Healthcare,
CRL,Charles River Laboratories International Inc,Action US,USD,NYSE,Healthcare,
FOX,Fox Corp,Action US,USD,NASDAQ,Communication Services,
SWKS,Skyworks Solutions Inc,Action US,USD,NASDAQ,Technology,
TECH,Bio-Techne Corp,Action US,USD,NASDAQ,Healthcare,
MOH,Molina Healthcare Inc,Action US,USD,NYSE,Healthcare,
APA,APA Corp,Action US,USD,NASDAQ,Energy,
CAG,Conagra Brands Inc,Action US,USD,NYSE,Consumer Staples,
GNRC,Generac Holdings Inc,Action US,USD,NYSE,Industrials,
FRT,Federal Realty Investment Trust,Action US,USD,NYSE,Real Estate,
TAP,Molson Coors Beverage Co,Action US,USD,NYSE,Consumer Staples,
PAYC,Paycom Software Inc,Action US,USD,NYSE,Industrials,
MOS,Mosaic Co/The,Action US,USD,NYSE,Materials,
ARE,Alexandria Real Estate Equities Inc,Action US,USD,NYSE,Real Estate,
MTCH,Match Group Inc,Action US,USD,NASDAQ,Communication Services,
AOS,A O Smith Corp,Action US,USD,NYSE,Industrials,
HSIC,Henry Schein Inc,Action US,USD,NASDAQ,Healthcare,
POOL,Pool Corp,Action US,USD,NASDAQ,Consumer Discretionary,
MGM,MGM Resorts International,Action US,USD,NYSE,Consumer Discretionary,
BEN,Franklin Resources Inc,Action US,USD,NYSE,Financial Services,
ERIE,Erie Indemnity Co,Action US,USD,NASDAQ,Financial Services,
HRL,Hormel Foods Corp,Action US,USD,NYSE,Consumer Staples,
LW,Lamb Weston Holdings Inc,Action US,USD,NYSE,Consumer Staples,
CPB,Campbell's Company/The,Action US,USD,NYSE,Consumer Staples,
DVA,DaVita Inc,Action US,USD,NYSE,Healthcare,
NWS,News Corp,Action US,USD,NASDAQ,Communication Services,
MELI,MercadoLibre Inc,Action US,USD,NASDAQ,Consumer Discretionary,
PDD,PDD Holdings ADS Inc,Action US,USD,NASDAQ,Consumer Discretionary,
MRVL,Marvell Technology Inc,Action US,USD,NASDAQ,Technology,
ALNY,Alnylam Pharmaceuticals Inc,Action US,USD,NASDAQ,Healthcare,
MSTR,MicroStrategy Inc Class A,Action US,USD,NASDAQ,Technology,
FER,Ferrovial,Action US,USD,NASDAQ,Industrials,
CCEP,Coca Cola Europacific Partners PLC,Action US,USD,NASDAQ,Consumer Staples,
INSM,Insmed Inc,Action US,USD,NASDAQ,Healthcare,
ZS,Zscaler Inc,Action US,USD,NASDAQ,Technology,
TEAM,Atlassian Corp Class A,Action US,USD,NASDAQ,Technology,
ARM,ARM Holdings American Depositary Shares,Action US,USD,NASDAQ,Technology,
AAPL.NE,Apple CDR (CAD Hedged),Action CDR Hedged,CAD,TSX,Technology,
MSFT.NE,Microsoft CDR (CAD Hedged),Action CDR Hedged,CAD,TSX,Technology,
GOOGL.NE,Alphabet CDR (CAD Hedged),Action CDR Hedged,CAD,TSX,Communication Services,
GOOG.NE,Alphabet CDR (CAD Hedged),Action CDR Hedged,CAD,TSX,Communication Services,
AMZN.NE,Amazon.com CDR (CAD Hedged),Action CDR Hedged,CAD,TSX,Consumer Cyclical,
NVDA.NE,Nvidia CDR (CAD Hedged),Action CDR Hedged,CAD,TSX,Technology,
META.NE,Meta CDR (CAD Hedged),Action CDR Hedged,CAD,TSX,Communication Services,
TSLA.NE,Tesla CDR (CAD Hedged),Action CDR Hedged,CAD,TSX,Consumer Cyclical,
V.NE,Visa CDR (CAD Hedged),Action CDR Hedged,CAD,TSX,Financial Services,
MA.NE,Mastercard CDR (CAD Hedged),Action CDR Hedged,CAD,TSX,Financial Services,
SPGI.NE,S&P Global CDR (CAD Hedged),Action CDR Hedged,CAD,TSX,Financial Services,
NFLX.NE,Netflix CDR (CAD Hedged),Action CDR Hedged,CAD,TSX,Communication Services,
ADBE.NE,Adobe CDR (CAD Hedged),Action CDR Hedged,CAD,TSX,Technology,
COST.NE,Costco CDR (CAD Hedged),Action CDR Hedged,CAD,TSX,Consumer Defensive,
DIS.NE,Disney CDR (CAD Hedged),Action CDR Hedged,CAD,TSX,Communication Services,
SHOP.NE,Shopify CDR (CAD Hedged),Action CDR Hedged,CAD,TSX,Technology,
UBER.NE,Uber CDR (CAD Hedged),Action CDR Hedged,CAD,TSX,Technology,
PYPL.NE,PayPal CDR (CAD Hedged),Action CDR Hedged,CAD,TSX,Financial Services,
RY.TO,Royal Bank of Canada,Action Canada,CAD,TSX,Financial Services,
TD.TO,Toronto-Dominion Bank,Action Canada,CAD,TSX,Financial Services,
BNS.TO,Bank of Nova Scotia,Action Canada,CAD,TSX,Financial Services,
BMO.TO,Bank of Montreal,Action Canada,CAD,TSX,Financial Services,
CM.TO,Canadian Imperial Bank of Commerce,Action Canada,CAD,TSX,Financial Services,
CNQ.TO,Canadian Natural Resources Ltd.,Action Canada,CAD,TSX,Energy,
ENB.TO,Enbridge Inc.,Action Canada,CAD,TSX,Energy,
SU.TO,Suncor Energy Inc.,Action Canada,CAD,TSX,Energy,
CNR.TO,Canadian National Railway Co.,Action Canada,CAD,TSX,Industrials,
CP.TO,Canadian Pacific Kansas City Ltd.,Action Canada,CAD,TSX,Industrials,
BCE.TO,BCE Inc.,Action Canada,CAD,TSX,Communication Services,
T.TO,Telus Corp.,Action Canada,CAD,TSX,Communication Services,
RCI.B.TO,Rogers Communications Inc.,Action Canada,CAD,TSX,Communication Services,
MFC.TO,Manulife Financial Corp.,Action Canada,CAD,TSX,Financial Services,
SLF.TO,Sun Life Financial Inc.,Action Canada,CAD,TSX,Financial Services,
QSR.TO,Restaurant Brands International Inc.,Action Canada,CAD,TSX,Consumer Cyclical,
WN.TO,George Weston Ltd.,Action Canada,CAD,TSX,Consumer Defensive,
L.TO,Loblaw Companies Ltd.,Action Canada,CAD,TSX,Consumer Defensive,
MG.TO,Magna International Inc.,Action Canada,CAD,TSX,Consumer Cyclical,
ABX.TO,Barrick Gold Corp.,Action Canada,CAD,TSX,Basic Materials,
NTR.TO,Nutrien Ltd.,Action Canada,CAD,TSX,Basic Materials,
CCL.B.TO,CCL Industries Inc.,Action Canada,CAD,TSX,Industrials,
TRI.TO,Thomson Reuters Corp.,Action Canada,CAD,TSX,Industrials,
SHOP.TO,Shopify Inc.,Action Canada,CAD,TSX,Technology,
ATD.TO,Alimentation Couche-Tard Inc.,Action Canada,CAD,TSX,Consumer Defensive,
DOL.TO,Dollarama Inc.,Action Canada,CAD,TSX,Consumer Defensive,
FTS.TO,Fortis Inc.,Action Canada,CAD,TSX,Utilities,
EMA.TO,Emera Inc.,Action Canada,CAD,TSX,Utilities,
TRP.TO,TC Energy Corp.,Action Canada,CAD,TSX,Energy,
PPL.TO,Pembina Pipeline Corp.,Action Canada,CAD,TSX,Energy,
BN.TO,Brookfield Corporation,Action Canada,CAD,TSX,Financial Services,
AEM.TO,Agnico Eagle Mines Limited,Action Canada,CAD,TSX,Materials,
GOLD.TO,Barrick Mining Corporation,Action Canada,CAD,TSX,Materials,
WPM.TO,Wheaton Precious Metals Corp.,Action Canada,CAD,TSX,Materials,
CCO.TO,Cameco Corporation,Action Canada,CAD,TSX,Energy,
NA.TO,National Bank of Canada,Action Canada,CAD,TSX,Financial Services,
FNV.TO,Franco-Nevada Corporation,Action Canada,CAD,TSX,Materials,
WCN.TO,Waste Connections Inc.,Action Canada,CAD,TSX,Industrials,
CSU.TO,Constellation Software Inc.,Action Canada,CAD,TSX,Technology,
K.TO,Kinross Gold Corporation,Action Canada,CAD,TSX,Materials,
FFH.TO,Fairfax Financial Holdings Limited,Action Canada,CAD,TSX,Financial Services,
CLS.TO,Celestica Inc.,Action Canada,CAD,TSX,Technology,
IFC.TO,Intact Financial Corporation,Action Canada,CAD,TSX,Financial Services,
POW.TO,Power Corporation of Canada,Action Canada,CAD,TSX,Financial Services,
WSP.TO,WSP Global Inc.,Action Canada,CAD,TSX,Industrials,
CVE.TO,Cenovus Energy Inc.,Action Canada,CAD,TSX,Energy,
PAAS.TO,Pan American Silver Corp.,Action Canada,CAD,TSX,Materials,
TECK.TO,Teck Resources Limited,Action Canada,CAD,TSX,Materials,
RBA.TO,RB Global Inc.,Action Canada,CAD,TSX,Industrials,
BAM.TO,Brookfield Asset Management Ltd.,Action Canada,CAD,TSX,Financial Services,
FM.TO,First Quantum Minerals Ltd.,Action Canada,CAD,TSX,Materials,
GIB.TO,CGI Inc.,Action Canada,CAD,TSX,Technology,
BBD.TO,Bombardier Inc.,Action Canada,CAD,TSX,Industrials,
LUN.TO,Lundin Mining Corporation,Action Canada,CAD,TSX,Materials,
BIP.TO,Brookfield Infrastructure Partners LP,Action Canada,CAD,TSX,Utilities,
AGI.TO,Alamos Gold Inc.,Action Canada,CAD,TSX,Materials,
TOU.TO,Tourmaline Oil Corp.,Action Canada,CAD,TSX,Energy,
IMO.TO,Imperial Oil Limited,Action Canada,CAD,TSX,Energy,
MRU.TO,Metro Inc.,Action Canada,CAD,TSX,Consumer Staples,
RCI.TO,Rogers Communications Inc.,Action Canada,CAD,TSX,Communication Services,
GWO.TO,Great-West Lifeco Inc.,Action Canada,CAD,TSX,Financial Services,
H.TO,Hydro One Limited,Action Canada,CAD,TSX,Utilities,
ATRL.TO,AtkinsRéalis Group Inc.,Action Canada,CAD,TSX,Industrials,
IAG.TO,iA Financial Corporation Inc.,Action Canada,CAD,TSX,Financial Services,
GIL.TO,Gildan Activewear Inc.,Action Canada,CAD,TSX,Consumer Discretionary,
GFL.TO,GFL Environmental Inc.,Action Canada,CAD,TSX,Industrials,
STN.TO,Stantec Inc.,Action Canada,CAD,TSX,Industrials,
EQX.TO,Equinox Gold Corp.,Action Canada,CAD,TSX,Materials,
CAE.TO,CAE Inc.,Action Canada,CAD,TSX,Industrials,
TIH.TO,Toromont Industries Ltd.,Action Canada,CAD,TSX,Industrials,
X.TO,TMX Group Limited,Action Canada,CAD,TSX,Financial Services,
IMG.TO,IAMGOLD Corporation,Action Canada,CAD,TSX,Materials,
WCP.TO,Whitecap Resources Inc.,Action Canada,CAD,TSX,Energy,
ARX.TO,Arc Resources Ltd.,Action Canada,CAD,TSX,Energy,
AG.TO,First Majestic Silver Corp.,Action Canada,CAD,TSX,Materials,
EFN.TO,Element Fleet Management Corp.,Action Canada,CAD,TSX,Industrials,
ALA.TO,AltaGas Ltd.,Action Canada,CAD,TSX,Utilities,
TFII.TO,TFI International Inc.,Action Canada,CAD,TSX,Industrials,
HBM.TO,Hudbay Minerals Inc.,Action Canada,CAD,TSX,Materials,
NGD.TO,New Gold Inc.,Action Canada,CAD,TSX,Materials,
IVN.TO,Ivanhoe Mines Ltd.,Action Canada,CAD,TSX,Materials,
ATZ.TO,Aritzia Inc.,Action Canada,CAD,TSX,Consumer Discretionary,
ELD.TO,Eldorado Gold Corporation,Action Canada,CAD,TSX,Materials,
LUG.TO,Lundin Gold Inc.,Action Canada,CAD,TSX,Materials,
OR.TO,OR Royalties inc.,Action Canada,CAD,TSX,Materials,
FTT.TO,Finning International Inc.,Action Canada,CAD,TSX,Industrials,
NXE.TO,NexGen Energy Ltd.,Action Canada,CAD,TSX,Energy,
KEY.TO,Keyera Corp.,Action Canada,CAD,TSX,Energy,
DSG.TO,The Descartes Systems Group Inc.,Action Canada,CAD,TSX,Technology,
SAP.TO,Saputo Inc.,Action Canada,CAD,TSX,Consumer Staples,
DPML.TO,DPM Metals Inc.,Action Canada,CAD,TSX,Materials,
OGC.TO,OceanaGold Corporation,Action Canada,CAD,TSX,Materials,
OTEX.TO,Open Text Corporation,Action Canada,CAD,TSX,Technology,
FSV.TO,FirstService Corporation,Action Canada,CAD,TSX,Real Estate,
CS.TO,Capstone Copper Corp.,Action Canada,CAD,TSX,Materials,
BEPC.TO,Brookfield Renewable Partners L.P.,Action Canada,CAD,TSX,Utilities,
CIGI.TO,Colliers International Group Inc.,Action Canada,CAD,TSX,Real Estate,
CTC.TO,Canadian Tire Corporation Limited,Action Canada,CAD,TSX,Consumer Discretionary,
CPX.TO,Capital Power Corporation,Action Canada,CAD,TSX,Utilities,
BTO.TO,B2Gold Corp.,Action Canada,CAD,TSX,Materials,
QBR.TO,Quebecor Inc.,Action Canada,CAD,TSX,Communication Services,
SBOW.TO,South Bow Corporation,Action Canada,CAD,TSX,Energy,
UUUU.TO,Energy Fuels Inc.,Action Canada,CAD,TSX,Energy,
ONEX.TO,Onex Corporation,Action Canada,CAD,TSX,Financial Services,
DFY.TO,Definity Financial Corporation,Action Canada,CAD,TSX,Financial Services,
PSK.TO,PrairieSky Royalty Ltd.,Action Canada,CAD,TSX,Energy,
CSH.TO,Chartwell Retirement Residences,Action Canada,CAD,TSX,Health Care,
TXG.TO,Torex Gold Resources Inc.,Action Canada,CAD,TSX,Materials,
GMIN.TO,G Mining Ventures Corp.,Action Canada,CAD,TSX,Materials,
SSRM.TO,SSR Mining Inc.,Action Canada,CAD,TSX,Materials,
EMP.TO,Empire Company Limited,Action Canada,CAD,TSX,Consumer Staples,
DSV.TO,Discovery Silver Corp.,Action Canada,CAD,TSX,Materials,
KNT.TO,K92 Mining Inc.,Action Canada,CAD,TSX,Materials,
BYD.TO,Boyd Group Services Inc.,Action Canada,CAD,TSX,Industrials,
REI.TO,Riocan Real Estate Investment Trust,Action Canada,CAD,TSX,Real Estate,
AQN.TO,Algonquin Power & Utilities Corp.,Action Canada,CAD,TSX,Utilities,
CAR.TO,Canadian Apartment Properties REIT,Action Canada,CAD,TSX,Real Estate,
CU.TO,Canadian Utilities Limited,Action Canada,CAD,TSX,Utilities,
WFG.TO,West Fraser Timber Co. Ltd.,Action Canada,CAD,TSX,Materials,
AC.TO,Air Canada,Action Canada,CAD,TSX,Industrials,
GRT.TO,Granite Real Estate Trust,Action Canada,CAD,TSX,Real Estate,
NPI.TO,Northland Power Inc.,Action Canada,CAD,TSX,Utilities,
ORLA.TO,Orla Mining Ltd.,Action Canada,CAD,TSX,Materials,
IGM.TO,IGM Financial Inc.,Action Canada,CAD,TSX,Financial Services,
ARIS.TO,Aris Mining Corporation,Action Canada,CAD,TSX,Materials,
EXN.TO,Endeavour Silver Corp.,Action Canada,CAD,TSX,Materials,
KXS.TO,Kinaxis Inc.,Action Canada,CAD,TSX,Technology,
EIF.TO,Exchange Income Corporation,Action Canada,CAD,TSX,Industrials,
TA.TO,TransAlta Corporation,Action Canada,CAD,TSX,Utilities,
SKE.TO,Skeena Resources Limited,Action Canada,CAD,TSX,Materials,
SJ.TO,Stella-Jones Inc.,Action Canada,CAD,TSX,Materials,
CG.TO,Centerra Gold Inc.,Action Canada,CAD,TSX,Materials,
PEY.TO,Peyto Exploration & Development Corp.,Action Canada,CAD,TSX,Energy,
MDA.TO,MDA Space Ltd.,Action Canada,CAD,TSX,Industrials,
CHP.TO,Choice Properties REIT,Action Canada,CAD,TSX,Real Estate,
NG.TO,NovaGold Resources Inc.,Action Canada,CAD,TSX,Materials,
FVI.TO,Fortuna Mining Corp.,Action Canada,CAD,TSX,Materials,
TVE.TO,Tamarack Valley Energy Ltd.,Action Canada,CAD,TSX,Energy,
GEI.TO,Gibson Energy Inc.,Action Canada,CAD,TSX,Energy,
MEOH.TO,Methanex Corporation,Action Canada,CAD,TSX,Materials,
FCR.TO,First Capital REIT,Action Canada,CAD,TSX,Real Estate,
ACO.TO,Atco Ltd.,Action Canada,CAD,TSX,Utilities,
PBH.TO,Premium Brands Holdings Corporation,Action Canada,CAD,TSX,Consumer Staples,
DML.TO,Denison Mines Corp.,Action Canada,CAD,TSX,Energy,
ERO.TO,Ero Copper Corp.,Action Canada,CAD,TSX,Materials,
DOO.TO,BRP Inc.,Action Canada,CAD,TSX,Consumer Discretionary,
ALLI.TO,Allied Gold Corporation,Action Canada,CAD,TSX,Materials,
DIR.TO,Dream Industrial REIT,Action Canada,CAD,TSX,Real Estate,
NGEX.TO,NGEx Minerals Ltd.,Action Canada,CAD,TSX,Materials,
WDGO.TO,Wesdome Gold Mines Ltd.,Action Canada,CAD,TSX,Materials,
TFPM.TO,Triple Flag Precious Metals Corp.,Action Canada,CAD,TSX,Materials,
SA.TO,Seabridge Gold Inc.,Action Canada,CAD,TSX,Materials,
BTE.TO,Baytex Energy Corp.,Action Canada,CAD,TSX,Energy,
TPZ.TO,Topaz Energy Corp.,Action Canada,CAD,TSX,Energy,
ATH.TO,Athabasca Oil Corporation,Action Canada,CAD,TSX,Energy,
LNR.TO,Linamar Corporation,Action Canada,CAD,TSX,Consumer Discretionary,
ATS.TO,ATS Corporation,Action Canada,CAD,TSX,Industrials,
SWI.TO,SECURE Waste Infrastructure Corp.,Action Canada,CAD,TSX,Energy,
TKO.TO,Taseko Mines Limited,Action Canada,CAD,TSX,Materials,
SVM.TO,Silvercorp Metals Inc.,Action Canada,CAD,TSX,Materials,
SRU.TO,SmartCentres REIT,Action Canada,CAD,TSX,Real Estate,
PPTA.TO,Perpetua Resources Corp.,Action Canada,CAD,TSX,Materials,
SII.TO,Sprott Inc.,Action Canada,CAD,TSX,Financial Services,
RUS.TO,Russel Metals Inc.,Action Canada,CAD,TSX,Industrials,
CEU.TO,CES Energy Solutions Corp.,Action Canada,CAD,TSX,Energy,
AYA.TO,Aya Gold & Silver Inc.,Action Canada,CAD,TSX,Materials,
EFX.TO,Enerflex Ltd.,Action Canada,CAD,TSX,Energy,
EQB.TO,EQB Inc.,Action Canada,CAD,TSX,Financial Services,
HR.TO,H&R Real Estate Investment Trust,Action Canada,CAD,TSX,Real Estate,
VZLA.TO,Vizsla Silver Corp.,Action Canada,CAD,TSX,Materials,
BEI.TO,Boardwalk REIT,Action Canada,CAD,TSX,Real Estate,
BB.TO,BlackBerry Limited,Action Canada,CAD,TSX,Technology,
BDGI.TO,Badger Infrastructure Solutions Ltd.,Action Canada,CAD,TSX,Industrials,
NVA.TO,NuVista Energy Ltd.,Action Canada,CAD,TSX,Energy,
BITF.TO,Bitfarms Ltd.,Action Canada,CAD,TSX,Technology,
TVK.TO,TerraVest Industries Inc.,Action Canada,CAD,TSX,Energy,
FRU.TO,Freehold Royalties Ltd.,Action Canada,CAD,TSX,Energy,
ARE.TO,Aecon Group Inc.,Action Canada,CAD,TSX,Industrials,
HWX.TO,Headwater Exploration Inc.,Action Canada,CAD,TSX,Energy,
BBU.TO,Brookfield Business Partners LP,Action Canada,CAD,TSX,Industrials,
AIF.TO,Altus Group Limited,Action Canada,CAD,TSX,Real Estate,
TSU.TO,Trisura Group Ltd.,Action Canada,CAD,TSX,Financial Services,
KMP.TO,Killam Apartment REIT,Action Canada,CAD,TSX,Real Estate,
BLX.TO,Boralex Inc.,Action Canada,CAD,TSX,Utilities,
CCA.TO,Cogeco Communications Inc.,Action Canada,CAD,TSX,Communication Services,
LAC.TO,Lithium Americas Corp.,Action Canada,CAD,TSX,Materials,
BHC.TO,Bausch Health Companies Inc.,Action Canada,CAD,TSX,Health Care,
NWC.TO,The North West Company Inc.,Action Canada,CAD,TSX,Consumer Staples,
RCH.TO,Richelieu Hardware Ltd.,Action Canada,CAD,TSX,Industrials,
AAV.TO,Advantage Energy Ltd.,Action Canada,CAD,TSX,Energy,
VNP.TO,5N Plus Inc.,Action Canada,CAD,TSX,Materials,
VET.TO,Vermilion Energy Inc.,Action Canada,CAD,TSX,Energy,
TCL.TO,Transcontinental Inc.,Action Canada,CAD,TSX,Materials,
AP.TO,Allied Properties REIT,Action Canada,CAD,TSX,Real Estate,
SPB.TO,Superior Plus Corp.,Action Canada,CAD,TSX,Utilities,
CRR.TO,Crombie REIT,Action Canada,CAD,TSX,Real Estate,
CURA.TO,Curaleaf Holdings Inc.,Action Canada,CAD,TSX,Health Care,
GSY.TO,goeasy Ltd.,Action Canada,CAD,TSX,Financial Services,
IPCO.TO,International Petroleum Corporation,Action Canada,CAD,TSX,Energy,
IIP.TO,InterRent REIT,Action Canada,CAD,TSX,Real Estate,
LIF.TO,Labrador Iron Ore Royalty Corporation,Action Canada,CAD,TSX,Materials,
LB.TO,Laurentian Bank of Canada,Action Canada,CAD,TSX,Financial Services,
LSPD.TO,Lightspeed Commerce Inc.,Action Canada,CAD,TSX,Technology,
BDT.TO,Bird Construction Inc.,Action Canada,CAD,TSX,Industrials,
MFI.TO,Maple Leaf Foods Inc.,Action Canada,CAD,TSX,Consumer Staples,
BIR.TO,Birchcliff Energy Ltd.,Action Canada,CAD,TSX,Energy,
POU.TO,Paramount Resources Ltd.,Action Canada,CAD,TSX,Energy,
PXT.TO,Parex Resources Inc.,Action Canada,CAD,TSX,Energy,
PET.TO,Pet Valu Holdings Ltd.,Action Canada,CAD,TSX,Consumer Discretionary,
PMZ.TO,Primaris REIT,Action Canada,CAD,TSX,Real Estate,
SIA.TO,Sienna Senior Living Inc.,Action Canada,CAD,TSX,Health Care,
MTL.TO,Mullen Group Ltd.,Action Canada,CAD,TSX,Industrials,
NFI.TO,NFI Group Inc.,Action Canada,CAD,TSX,Industrials,
NWH.TO,Northwest Healthcare Properties REIT,Action Canada,CAD,TSX,Real Estate,
KEL.TO,Kelt Exploration Ltd.,Action Canada,CAD,TSX,Energy,
JWEL.TO,Jamieson Wellness Inc.,Action Canada,CAD,TSX,Consumer Staples,
WPK.TO,Winpak Ltd.,Action Canada,CAD,TSX,Materials,
CRT.TO,CT REIT,Action Canada,CAD,TSX,Real Estate,
CJT.TO,Cargojet Inc.,Action Canada,CAD,TSX,Industrials,
SCR.TO,Strathcona Resources Ltd.,Action Canada,CAD,TSX,Energy,
VFV.TO,Vanguard S&P 500 Index ETF,ETF Canada,CAD,TSX,ETF,
XIC.TO,iShares Core S&P/TSX Capped Composite Index ETF,ETF Canada,CAD,TSX,ETF,
XIC,iShares Core S&P/TSX Capped Composite Index ETF,ETF Canada,CAD,TSX,ETF,
ZCN.TO,BMO S&P/TSX Capped Composite Index ETF,ETF Canada,CAD,TSX,ETF,
VCN.TO,Vanguard FTSE Canada All Cap Index ETF,ETF Canada,CAD,TSX,ETF,
VCN,Vanguard FTSE Canada All Cap Index ETF,ETF Canada,CAD,TSX,ETF,
ZEM.TO,BMO MSCI Emerging Markets Index ETF,ETF Canada,CAD,TSX,ETF,
ZEA.TO,BMO MSCI EAFE Index ETF,ETF Canada,CAD,TSX,ETF,
XEF.TO,iShares Core MSCI EAFE IMI Index ETF,ETF Canada,CAD,TSX,ETF,
XEF,iShares Core MSCI EAFE IMI Index ETF,ETF Canada,CAD,TSX,ETF,
XEC.TO,iShares Core MSCI Emerging Markets IMI Index ETF,ETF Canada,CAD,TSX,ETF,
XEC,iShares Core MSCI Emerging Markets IMI Index ETF,ETF Canada,CAD,TSX,ETF,
VUN.TO,Vanguard U.S. Total Market Index ETF,ETF Canada,CAD,TSX,ETF,
VUN,Vanguard U.S. Total Market Index ETF,ETF Canada,CAD,TSX,ETF,
XUU.TO,iShares Core S&P U.S. Total Market Index ETF,ETF Canada,CAD,TSX,ETF,
XUU,iShares Core S&P U.S. Total Market Index ETF,ETF Canada,CAD,TSX,ETF,
ZSP.TO,BMO S&P 500 Index ETF,ETF Canada,CAD,TSX,ETF,
ZSP,BMO S&P 500 Index ETF,ETF Canada,CAD,TSX,ETF,
XUS.TO,iShares Core S&P 500 Index ETF,ETF Canada,CAD,TSX,ETF,
XUS,iShares Core S&P 500 Index ETF,ETF Canada,CAD,TSX,ETF,
VDU.TO,Vanguard FTSE Developed All Cap ex North America Index ETF,ETF Canada,CAD,TSX,ETF,
VDU,Vanguard FTSE Developed All Cap ex North America Index ETF,ETF Canada,CAD,TSX,ETF,
VEE.TO,Vanguard FTSE Emerging Markets All Cap Index ETF,ETF Canada,CAD,TSX,ETF,
VEE,Vanguard FTSE Emerging Markets All Cap Index ETF,ETF Canada,CAD,TSX,ETF,
XEQT.TO,iShares Core Equity ETF Portfolio,ETF Canada,CAD,TSX,ETF,
XEQT,iShares Core Equity ETF Portfolio,ETF Canada,CAD,TSX,ETF,
VEQT.TO,Vanguard All-Equity ETF Portfolio,ETF Canada,CAD,TSX,ETF,
VEQT,Vanguard All-Equity ETF Portfolio,ETF Canada,CAD,TSX,ETF,
VGRO.TO,Vanguard Growth ETF Portfolio,ETF Canada,CAD,TSX,ETF,
VGRO,Vanguard Growth ETF Portfolio,ETF Canada,CAD,TSX,ETF,
VBAL.TO,Vanguard Balanced ETF Portfolio,ETF Canada,CAD,TSX,ETF,
VBAL,Vanguard Balanced ETF Portfolio,ETF Canada,CAD,TSX,ETF,
XGRO.TO,iShares Core Growth ETF Portfolio,ETF Canada,CAD,TSX,ETF,
XGRO,iShares Core Growth ETF Portfolio,ETF Canada,CAD,TSX,ETF,
XBAL.TO,iShares Core Balanced ETF Portfolio,ETF Canada,CAD,TSX,ETF,
XBAL,iShares Core Balanced ETF Portfolio,ETF Canada,CAD,TSX,ETF,
ZAG.TO,BMO Aggregate Bond Index ETF,ETF Canada,CAD,TSX,ETF,
ZAG,BMO Aggregate Bond Index ETF,ETF Canada,CAD,TSX,ETF,
VAB.TO,Vanguard Canadian Aggregate Bond Index ETF,ETF Canada,CAD,TSX,ETF,
VAB,Vanguard Canadian Aggregate Bond Index ETF,ETF Canada,CAD,TSX,ETF,
XBB.TO,iShares Core Canadian Universe Bond Index ETF,ETF Canada,CAD,TSX,ETF,
XBB,iShares Core Canadian Universe Bond Index ETF,ETF Canada,CAD,TSX,ETF,
XQQ.TO,iShares NASDAQ 100 Index ETF,ETF Canada,CAD,TSX,ETF,
XQQ,iShares NASDAQ 100 Index ETF,ETF Canada,CAD,TSX,ETF,
ZNQ.TO,BMO NASDAQ 100 Equity Index ETF,ETF Canada,CAD,TSX,ETF,
ZNQ,BMO NASDAQ 100 Equity Index ETF,ETF Canada,CAD,TSX,ETF,
VGG.TO,Vanguard U.S. Dividend Appreciation Index ETF,ETF Canada,CAD,TSX,ETF,
VGG,Vanguard U.S. Dividend Appreciation Index ETF,ETF Canada,CAD,TSX,ETF,
VDY.TO,Vanguard FTSE Canadian High Dividend Yield Index ETF,ETF Canada,CAD,TSX,ETF,
VDY,Vanguard FTSE Canadian High Dividend Yield Index ETF,ETF Canada,CAD,TSX,ETF,
XDV.TO,iShares Canadian Select Dividend Index ETF,ETF Canada,CAD,TSX,ETF,
XDV,iShares Canadian Select Dividend Index ETF,ETF Canada,CAD,TSX,ETF,
CDZ.TO,iShares S&P/TSX Canadian Dividend Aristocrats Index ETF,ETF Canada,CAD,TSX,ETF,
CDZ,iShares S&P/TSX Canadian Dividend Aristocrats Index ETF,ETF Canada,CAD,TSX,ETF,
ZDV.TO,BMO Canadian Dividend ETF,ETF Canada,CAD,TSX,ETF,
ZDV,BMO Canadian Dividend ETF,ETF Canada,CAD,TSX,ETF,
SPY,SPDR S&P 500 ETF Trust,ETF USA,USD,NYSE,ETF,
VOO,Vanguard S&P 500 ETF,ETF USA,USD,NYSE,ETF,
IVV,iShares Core S&P 500 ETF,ETF USA,USD,NYSE,ETF,
VTI,Vanguard Total Stock Market ETF,ETF USA,USD,NYSE,ETF,
QQQ,Invesco QQQ Trust,ETF USA,USD,NASDAQ,ETF,
VUG,Vanguard Growth ETF,ETF USA,USD,NYSE,ETF,
VTV,Vanguard Value ETF,ETF USA,USD,NYSE,ETF,
IWM,iShares Russell 2000 ETF,ETF USA,USD,NYSE,ETF,
VEA,Vanguard FTSE Developed Markets ETF,ETF USA,USD,NYSE,ETF,
VWO,Vanguard FTSE Emerging Markets ETF,ETF USA,USD,NYSE,ETF,
EFA,iShares MSCI EAFE ETF,ETF USA,USD,NYSE,ETF,
EEM,iShares MSCI Emerging Markets ETF,ETF USA,USD,NYSE,ETF,
AGG,iShares Core U.S. Aggregate Bond ETF,ETF USA,USD,NYSE,ETF,
BND,Vanguard Total Bond Market ETF,ETF USA,USD,NYSE,ETF,
VYM,Vanguard High Dividend Yield ETF,ETF USA,USD,NYSE,ETF,
SCHD,Schwab U.S. Dividend Equity ETF,ETF USA,USD,NYSE,ETF,
VIG,Vanguard Dividend Appreciation ETF,ETF USA,USD,NYSE,ETF,
DGRO,iShares Core Dividend Growth ETF,ETF USA,USD,NYSE,ETF,
GLD,SPDR Gold Trust,ETF USA,USD,NYSE,ETF,
SLV,iShares Silver Trust,ETF USA,USD,NYSE,ETF,
XLK,Technology Select Sector SPDR Fund,ETF USA,USD,NYSE,ETF,
XLF,Financial Select Sector SPDR Fund,ETF USA,USD,NYSE,ETF,
XLE,Energy Select Sector SPDR Fund,ETF USA,USD,NYSE,ETF,
XLV,Health Care Select Sector SPDR Fund,ETF USA,USD,NYSE,ETF,
XLY,Consumer Discretionary Select Sector SPDR Fund,ETF USA,USD,NYSE,ETF,
XLP,Consumer Staples Select Sector SPDR Fund,ETF USA,USD,NYSE,ETF,
XLI,Industrial Select Sector SPDR Fund,ETF USA,USD,NYSE,ETF,
XLB,Materials Select Sector SPDR Fund,ETF USA,USD,NYSE,ETF,
XLU,Utilities Select Sector SPDR Fund,ETF USA,USD,NYSE,ETF,
XLRE,Real Estate Select Sector SPDR Fund,ETF USA,USD,NYSE,ETF,
VNQ,Vanguard Real Estate ETF,ETF USA,USD,NYSE,ETF,
ARKK,ARK Innovation ETF,ETF USA,USD,NYSE,ETF,
ARKG,ARK Genomic Revolution ETF,ETF USA,USD,NYSE,ETF,
ARKW,ARK Next Generation Internet ETF,ETF USA,USD,NYSE,ETF,
ICLN,iShares Global Clean Energy ETF,ETF USA,USD,NASDAQ,ETF,
TAN,Invesco Solar ETF,ETF USA,USD,NYSE,ETF,
SMH,VanEck Semiconductor ETF,ETF USA,USD,NASDAQ,ETF,
SOXX,iShares Semiconductor ETF,ETF USA,USD,NASDAQ,ETF,
V,Visa Inc.,Action US,USD,NYSE,,
MA,Mastercard Incorporated,Action US,USD,NYSE,Financial Services,United States
JNJ,Johnson & Johnson,Action US,USD,NYSE,,
WMT,Walmart Inc.,Action US,USD,NYSE,,
JPM,JPMorgan Chase & Co.,Action US,USD,NYSE,,
PG,Procter & Gamble Co.,Action US,USD,NYSE,,
UNH,UnitedHealth Group Inc.,Action US,USD,NYSE,,
XOM,Exxon Mobil Corp.,Action US,USD,NYSE,,
HD,Home Depot Inc.,Action US,USD,NYSE,,
CVX,Chevron Corp.,Action US,USD,NYSE,,
BAC,Bank of America Corp.,Action US,USD,NYSE,,
ABBV,AbbVie Inc.,Action US,USD,NYSE,,
PFE,Pfizer Inc.,Action US,USD,NYSE,,
KO,Coca-Cola Co.,Action US,USD,NYSE,,
COST,Costco Wholesale Corp.,Action US,USD,NASDAQ,,
AVGO,Broadcom Inc.,Action US,USD,NASDAQ,,
PEP,PepsiCo Inc.,Action US,USD,NASDAQ,,
TMO,Thermo Fisher Scientific Inc.,Action US,USD,NYSE,,
MRK,Merck & Co. Inc.,Action US,USD,NYSE,,
CSCO,Cisco Systems Inc.,Action US,USD,NASDAQ,,
ABT,Abbott Laboratories,Action US,USD,NYSE,,
ACN,Accenture PLC,Action US,USD,NYSE,,
NKE,Nike Inc.,Action US,USD,NYSE,,
NFLX,Netflix Inc.,Action US,USD,NASDAQ,,
ADBE,Adobe Inc.,Action US,USD,NASDAQ,,
CRM,Salesforce Inc.,Action US,USD,NYSE,,
DIS,Walt Disney Co.,Action US,USD,NYSE,,
INTC,Intel Corp.,Action US,USD,NASDAQ,,
AMD,Advanced Micro Devices Inc.,Action US,USD,NASDAQ,,
QCOM,Qualcomm Inc.,Action US,USD,NASDAQ,,
TXN,Texas Instruments Inc.,Action US,USD,NASDAQ,,
ORCL,Oracle Corp.,Action US,USD,NYSE,,
IBM,International Business Machines Corp.,Action US,USD,NYSE,,
GE,General Electric Co.,Action US,USD,NYSE,,
SPGI,S&P Global Inc.,Action US,USD,NYSE,Financial Services,United States
NOW,ServiceNow Inc.,Action US,USD,NYSE,,
INTU,Intuit Inc.,Action US,USD,NASDAQ,,
ISRG,Intuitive Surgical Inc.,Action US,USD,NASDAQ,,
BKNG,Booking Holdings Inc.,Action US,USD,NASDAQ,,
SQ,Block Inc.,Action US,USD,NYSE,,
PYPL,PayPal Holdings Inc.,Action US,USD,NASDAQ,,
SHOP,Shopify Inc.,Action US,USD,NYSE,,
UBER,Uber Technologies Inc.,Action US,USD,NYSE,,
AAPL.NE,Apple CDR (CAD Hedged),Action CDR Hedged,CAD,TSX,,
MSFT.NE,Microsoft CDR (CAD Hedged),Action CDR Hedged,CAD,TSX,,
GOOGL.NE,Alphabet CDR (CAD Hedged),Action CDR Hedged,CAD,TSX,,
GOOG.NE,Alphabet CDR (CAD Hedged),Action CDR Hedged,CAD,TSX,,
AMZN.NE,Amazon.com CDR (CAD Hedged),Action CDR Hedged,CAD,TSX,,
NVDA.NE,Nvidia CDR (CAD Hedged),Action CDR Hedged,CAD,TSX,,
META.NE,Meta CDR (CAD Hedged),Action CDR Hedged,CAD,TSX,,
TSLA.NE,Tesla CDR (CAD Hedged),Action CDR Hedged,CAD,TSX,,
V.NE,Visa CDR (CAD Hedged),Action CDR Hedged,CAD,TSX,,
MA.NE,Mastercard CDR (CAD Hedged),Action CDR Hedged,CAD,TSX,,
SPGI.NE,S&P Global CDR (CAD Hedged),Action CDR Hedged,CAD,TSX,,
NFLX.NE,Netflix CDR (CAD Hedged),Action CDR Hedged,CAD,TSX,,
ADBE.NE,Adobe CDR (CAD Hedged),Action CDR Hedged,CAD,TSX,,
COST.NE,Costco CDR (CAD Hedged),Action CDR Hedged,CAD,TSX,,
DIS.NE,Disney CDR (CAD Hedged),Action CDR Hedged,CAD,TSX,,
SHOP.NE,Shopify CDR (CAD Hedged),Action CDR Hedged,CAD,TSX,,
UBER.NE,Uber CDR (CAD Hedged),Action CDR Hedged,CAD,TSX,,
PYPL.NE,PayPal CDR (CAD Hedged),Action CDR Hedged,CAD,TSX,,
RY.TO,Royal Bank of Canada,Action Canada,CAD,TSX,,
TD.TO,Toronto-Dominion Bank,Action Canada,CAD,TSX,,
BNS.TO,Bank of Nova Scotia,Action Canada,CAD,TSX,,
BMO.TO,Bank of Montreal,Action Canada,CAD,TSX,,
CM.TO,Canadian Imperial Bank of Commerce,Action Canada,CAD,TSX,,
CNQ.TO,Canadian Natural Resources Ltd.,Action Canada,CAD,TSX,,
ENB.TO,Enbridge Inc.,Action Canada,CAD,TSX,,
SU.TO,Suncor Energy Inc.,Action Canada,CAD,TSX,,
CNR.TO,Canadian National Railway Co.,Action Canada,CAD,TSX,,
CP.TO,Canadian Pacific Kansas City Ltd.,Action Canada,CAD,TSX,,
BCE.TO,BCE Inc.,Action Canada,CAD,TSX,,
T.TO,Telus Corp.,Action Canada,CAD,TSX,,
RCI.B.TO,Rogers Communications Inc.,Action Canada,CAD,TSX,,
MFC.TO,Manulife Financial Corp.,Action Canada,CAD,TSX,,
SLF.TO,Sun Life Financial Inc.,Action Canada,CAD,TSX,,
QSR.TO,Restaurant Brands International Inc.,Action Canada,CAD,TSX,,
WN.TO,George Weston Ltd.,Action Canada,CAD,TSX,,
L.TO,Loblaw Companies Ltd.,Action Canada,CAD,TSX,,
MG.TO,Magna International Inc.,Action Canada,CAD,TSX,,
ABX.TO,Barrick Gold Corp.,Action Canada,CAD,TSX,,
NTR.TO,Nutrien Ltd.,Action Canada,CAD,TSX,,
CCL.B.TO,CCL Industries Inc.,Action Canada,CAD,TSX,,
TRI.TO,Thomson Reuters Corp.,Action Canada,CAD,TSX,,
SHOP.TO,Shopify Inc.,Action Canada,CAD,TSX,,
ATD.TO,Alimentation Couche-Tard Inc.,Action Canada,CAD,TSX,,
DOL.TO,Dollarama Inc.,Action Canada,CAD,TSX,,
FTS.TO,Fortis Inc.,Action Canada,CAD,TSX,,
EMA.TO,Emera Inc.,Action Canada,CAD,TSX,,
TRP.TO,TC Energy Corp.,Action Canada,CAD,TSX,,
PPL.TO,Pembina Pipeline Corp.,Action Canada,CAD,TSX,,
VFV.TO,Vanguard S&P 500 Index ETF,ETF Canada,CAD,TSX,,
VFV,Vanguard S&P 500 Index ETF,ETF Canada,CAD,TSX,,
XIC.TO,iShares Core S&P/TSX Capped Composite Index ETF,ETF Canada,CAD,TSX,,
XIC,iShares Core S&P/TSX Capped Composite Index ETF,ETF Canada,CAD,TSX,,
ZCN.TO,BMO S&P/TSX Capped Composite Index ETF,ETF Canada,CAD,TSX,,
ZCN,BMO S&P/TSX Capped Composite Index ETF,ETF Canada,CAD,TSX,,
VCN.TO,Vanguard FTSE Canada All Cap Index ETF,ETF Canada,CAD,TSX,,
VCN,Vanguard FTSE Canada All Cap Index ETF,ETF Canada,CAD,TSX,,
ZEM.TO,BMO MSCI Emerging Markets Index ETF,ETF Canada,CAD,TSX,,
ZEM,BMO MSCI Emerging Markets Index ETF,ETF Canada,CAD,TSX,,
ZEA.TO,BMO MSCI EAFE Index ETF,ETF Canada,CAD,TSX,,
ZEA,BMO MSCI EAFE Index ETF,ETF Canada,CAD,TSX,,
XEF.TO,iShares Core MSCI EAFE IMI Index ETF,ETF Canada,CAD,TSX,,
XEF,iShares Core MSCI EAFE IMI Index ETF,ETF Canada,CAD,TSX,,
XEC.TO,iShares Core MSCI Emerging Markets IMI Index ETF,ETF Canada,CAD,TSX,,
XEC,iShares Core MSCI Emerging Markets IMI Index ETF,ETF Canada,CAD,TSX,,
VUN.TO,Vanguard U.S. Total Market Index ETF,ETF Canada,CAD,TSX,,
VUN,Vanguard U.S. Total Market Index ETF,ETF Canada,CAD,TSX,,
XUU.TO,iShares Core S&P U.S. Total Market Index ETF,ETF Canada,CAD,TSX,,
XUU,iShares Core S&P U.S. Total Market Index ETF,ETF Canada,CAD,TSX,,
ZSP.TO,BMO S&P 500 Index ETF,ETF Canada,CAD,TSX,,
ZSP,BMO S&P 500 Index ETF,ETF Canada,CAD,TSX,,
XUS.TO,iShares Core S&P 500 Index ETF,ETF Canada,CAD,TSX,,
XUS,iShares Core S&P 500 Index ETF,ETF Canada,CAD,TSX,,
VDU.TO,Vanguard FTSE Developed All Cap ex North America Index ETF,ETF Canada,CAD,TSX,,
VDU,Vanguard FTSE Developed All Cap ex North America Index ETF,ETF Canada,CAD,TSX,,
VEE.TO,Vanguard FTSE Emerging Markets All Cap Index ETF,ETF Canada,CAD,TSX,,
VEE,Vanguard FTSE Emerging Markets All Cap Index ETF,ETF Canada,CAD,TSX,,
XEQT.TO,iShares Core Equity ETF Portfolio,ETF Canada,CAD,TSX,,
XEQT,iShares Core Equity ETF Portfolio,ETF Canada,CAD,TSX,,
VEQT.TO,Vanguard All-Equity ETF Portfolio,ETF Canada,CAD,TSX,,
VEQT,Vanguard All-Equity ETF Portfolio,ETF Canada,CAD,TSX,,
VGRO.TO,Vanguard Growth ETF Portfolio,ETF Canada,CAD,TSX,,
VGRO,Vanguard Growth ETF Portfolio,ETF Canada,CAD,TSX,,
VBAL.TO,Vanguard Balanced ETF Portfolio,ETF Canada,CAD,TSX,,
VBAL,Vanguard Balanced ETF Portfolio,ETF Canada,CAD,TSX,,
XGRO.TO,iShares Core Growth ETF Portfolio,ETF Canada,CAD,TSX,,
XGRO,iShares Core Growth ETF Portfolio,ETF Canada,CAD,TSX,,
XBAL.TO,iShares Core Balanced ETF Portfolio,ETF Canada,CAD,TSX,,
XBAL,iShares Core Balanced ETF Portfolio,ETF Canada,CAD,TSX,,
ZAG.TO,BMO Aggregate Bond Index ETF,ETF Canada,CAD,TSX,,
ZAG,BMO Aggregate Bond Index ETF,ETF Canada,CAD,TSX,,
VAB.TO,Vanguard Canadian Aggregate Bond Index ETF,ETF Canada,CAD,TSX,,
VAB,Vanguard Canadian Aggregate Bond Index ETF,ETF Canada,CAD,TSX,,
XBB.TO,iShares Core Canadian Universe Bond Index ETF,ETF Canada,CAD,TSX,,
XBB,iShares Core Canadian Universe Bond Index ETF,ETF Canada,CAD,TSX,,
XQQ.TO,iShares NASDAQ 100 Index ETF,ETF Canada,CAD,TSX,,
XQQ,iShares NASDAQ 100 Index ETF,ETF Canada,CAD,TSX,,
ZNQ.TO,BMO NASDAQ 100 Equity Index ETF,ETF Canada,CAD,TSX,,
ZNQ,BMO NASDAQ 100 Equity Index ETF,ETF Canada,CAD,TSX,,
VGG.TO,Vanguard U.S. Dividend Appreciation Index ETF,ETF Canada,CAD,TSX,,
VGG,Vanguard U.S. Dividend Appreciation Index ETF,ETF Canada,CAD,TSX,,
VDY.TO,Vanguard FTSE Canadian High Dividend Yield Index ETF,ETF Canada,CAD,TSX,,
VDY,Vanguard FTSE Canadian High Dividend Yield Index ETF,ETF Canada,CAD,TSX,,
XDV.TO,iShares Canadian Select Dividend Index ETF,ETF Canada,CAD,TSX,,
XDV,iShares Canadian Select Dividend Index ETF,ETF Canada,CAD,TSX,,
CDZ.TO,iShares S&P/TSX Canadian Dividend Aristocrats Index ETF,ETF Canada,CAD,TSX,,
CDZ,iShares S&P/TSX Canadian Dividend Aristocrats Index ETF,ETF Canada,CAD,TSX,,
ZDV.TO,BMO Canadian Dividend ETF,ETF Canada,CAD,TSX,,
ZDV,BMO Canadian Dividend ETF,ETF Canada,CAD,TSX,,
SPY,SPDR S&P 500 ETF Trust,ETF USA,USD,NYSE,,
VOO,Vanguard S&P 500 ETF,ETF USA,USD,NYSE,,
IVV,iShares Core S&P 500 ETF,ETF USA,USD,NYSE,,
VTI,Vanguard Total Stock Market ETF,ETF USA,USD,NYSE,,
QQQ,Invesco QQQ Trust,ETF USA,USD,NASDAQ,,
VUG,Vanguard Growth ETF,ETF USA,USD,NYSE,,
VTV,Vanguard Value ETF,ETF USA,USD,NYSE,,
IWM,iShares Russell 2000 ETF,ETF USA,USD,NYSE,,
VEA,Vanguard FTSE Developed Markets ETF,ETF USA,USD,NYSE,,
VWO,Vanguard FTSE Emerging Markets ETF,ETF USA,USD,NYSE,,
EFA,iShares MSCI EAFE ETF,ETF USA,USD,NYSE,,
EEM,iShares MSCI Emerging Markets ETF,ETF USA,USD,NYSE,,
AGG,iShares Core U.S. Aggregate Bond ETF,ETF USA,USD,NYSE,,
BND,Vanguard Total Bond Market ETF,ETF USA,USD,NYSE,,
VYM,Vanguard High Dividend Yield ETF,ETF USA,USD,NYSE,,
SCHD,Schwab U.S. Dividend Equity ETF,ETF USA,USD,NYSE,,
VIG,Vanguard Dividend Appreciation ETF,ETF USA,USD,NYSE,,
DGRO,iShares Core Dividend Growth ETF,ETF USA,USD,NYSE,,
GLD,SPDR Gold Trust,ETF USA,USD,NYSE,,
SLV,iShares Silver Trust,ETF USA,USD,NYSE,,
XLK,Technology Select Sector SPDR Fund,ETF USA,USD,NYSE,,
XLF,Financial Select Sector SPDR Fund,ETF USA,USD,NYSE,,
XLE,Energy Select Sector SPDR Fund,ETF USA,USD,NYSE,,
XLV,Health Care Select Sector SPDR Fund,ETF USA,USD,NYSE,,
XLY,Consumer Discretionary Select Sector SPDR Fund,ETF USA,USD,NYSE,,
XLP,Consumer Staples Select Sector SPDR Fund,ETF USA,USD,NYSE,,
XLI,Industrial Select Sector SPDR Fund,ETF USA,USD,NYSE,,
XLB,Materials Select Sector SPDR Fund,ETF USA,USD,NYSE,,
XLU,Utilities Select Sector SPDR Fund,ETF USA,USD,NYSE,,
XLRE,Real Estate Select Sector SPDR Fund,ETF USA,USD,NYSE,,
VNQ,Vanguard Real Estate ETF,ETF USA,USD,NYSE,,
ARKK,ARK Innovation ETF,ETF USA,USD,NYSE,,
ARKG,ARK Genomic Revolution ETF,ETF USA,USD,NYSE,,
ARKW,ARK Next Generation Internet ETF,ETF USA,USD,NYSE,,
ICLN,iShares Global Clean Energy ETF,ETF USA,USD,NASDAQ,,
TAN,Invesco Solar ETF,ETF USA,USD,NYSE,,
SMH,VanEck Semiconductor ETF,ETF USA,USD,NASDAQ,,
SOXX,iShares Semiconductor ETF,ETF USA,USD,NASDAQ,,
